<?xml version="1.0" encoding="UTF-8" standalone="yes"?>
<addon id="repository.aresproject" name="AresProject" version="0.0.7" provider-name="Ares Team">
	<extension point="xbmc.addon.repository" name="Simple Kodi">
		<info compressed="false">https://raw.githubusercontent.com/wakeras/bombina/master/plugins/addons.xml</info>
		<checksum>https://raw.githubusercontent.com/wakeras/bombina/master/plugins/addons.xml.md5</checksum>
		<datadir zip="true">https://github.com/wakeras/bombina/tree/master/zips</datadir>
	</extension>
	<extension point="xbmc.addon.metadata">
		<summary>AresProject.</summary>
		<description>Ares-Project Addons Source. Visit Us At https://ares-project.uk/</description>
		<platform>all</platform>
	</extension>
</addon>