<?xml version="1.0" encoding="UTF-8" standalone="yes"?>
<addon id="plugin.video.AresKungfu"
	name="[COLOR blue]A[/COLOR][COLOR white]res Kung-Fu[/COLOR]"
	version="1.0.0"
	provider-name="Ares-Project">
  <requires>
    <import addon="xbmc.python" version="2.1.0"/>
    <import addon="script.module.addon.common" version="2.0.0"/>
    <import addon="plugin.video.youtube" version="5.0.0"/>
  </requires>
  <extension point="xbmc.python.pluginsource" library="default.py">
    <provides>video</provides>
  </extension>
  <extension point="xbmc.addon.metadata">
    <summary lang="en">A massive mixed up selection of Kung-Fu movies and Content from everyones favourite sharing site.. Youtube</summary>
    <description lang="en">Join us on the forum @ http://ares-project.uk</description>
    <platform>all</platform>
    <forum>n/a</forum>
    <website>n/a</website>
  </extension>
</addon>
