<?xml version="1.0" encoding="UTF-8" standalone="yes"?>
<addon id="plugin.video.G10"
	   name="G10 Movies"
	   version="1.0.0"
	   provider-name="Ares-Streams">
  <requires>
    <import addon="script.module.requests" version="1.0.0" />
  </requires>
  <extension point="xbmc.python.pluginsource"
			 library="default.py">
    	<provides>video</provides>
  </extension>
  <extension point="xbmc.addon.metadata">
    <summary></summary>
    <description></description>
    <description></description>
    <platform>all</platform>
  </extension>
</addon>
