<?xml version="1.0" encoding="UTF-8" standalone="yes"?>
<addon id="plugin.video.celticfc"
	name="[COLORgreen]C[/COLOR][COLORwhite]eltic[/COLOR][COLORyellow]FC[/COLOR]"
	version="1.0.3"
	provider-name="[COLORgreen]Pab[/COLOR][COLORwhite]lo1[/COLOR][COLORyellow]967[/COLOR]">
  <requires>
    <import addon="xbmc.python" version="2.1.0"/>
    <import addon="script.module.addon.common" version="2.0.0"/>
    <import addon="plugin.video.youtube" version="5.0.0"/>
  </requires>
  <extension point="xbmc.python.pluginsource" library="default.py">
    <provides>video</provides>
  </extension>
  <extension point="xbmc.addon.metadata">
    <summary lang="en">Celtic FC Addon</summary>
    <description lang="en">https://www.facebook.com/groups/kodicelticfc/</description>
    <platform>all</platform>
    <forum lang="en">https://ares-project.uk</forum>
    <website lang="en">https://twitter.com/KodiCelticFC</website>
  </extension>
</addon>
