<?xml version="1.0" encoding="UTF-8" standalone="yes"?>
<addon id="plugin.video.arescomedy"
	name="[COLOR blue]A[/COLOR][COLOR white]res Comedy[/COLOR]"
	version="1.0.3"
	provider-name="Ares-Project">
  <requires>
    <import addon="xbmc.python" version="2.1.0"/>
    <import addon="script.module.addon.common" version="2.0.0"/>
    <import addon="plugin.video.youtube" version="5.0.0"/>
  </requires>
  <extension point="xbmc.python.pluginsource" library="default.py">
    <provides>video</provides>
  </extension>
  <extension point="xbmc.addon.metadata">
    <summary lang="en">A Selection of Comedy playlists</summary>
    <description lang="en">A Big mix of Comedy from free sources. Hope you enjoy.. PoppaSmurf - Caret4ker - Automan  -  Join us on the forum @ http://ares-project.uk</description>
    <platform>all</platform>
    <forum>n/a</forum>
    <website>n/a</website>
  </extension>
</addon>
