<?xml version="1.0" encoding="UTF-8" standalone="yes"?>
<addon id="plugin.video.zoptv"
	   name="ZopTV"
	   version="1.0"
	   provider-name="2uk3y-Kodim-Ares-Streams">
  <requires>
    <import addon="script.module.beautifulsoup4" version="4.3.2"/>
    <import addon="script.module.requests" version="1.0.0" />
  </requires>
  <extension point="xbmc.python.pluginsource"
			 library="default.py">
    	<provides>video</provides>
  </extension>
  <extension point="xbmc.addon.metadata">
    <summary>Your Favorite TV Channels</summary>
    <description>ZopTV is a hub of Internet TV streams. We make it easy to watch TV channels online for free.</description>
    <description>2uk3y-Kodim-Ares-Streams</description>
    <platform>all</platform>
  </extension>
</addon>
